[
    {
        "name": "Ali",
        "password": "03ac674216f3e15c761ee1a5e255f067953623c8b388b4459e13f978d7c846f4",
        "phone": 1234567,
        "active": false,
        "subject": "Math",
        "experience": 4,
        "kind": "teacher"
    },
    {
        "name": "Diyor",
        "password": "5994471abb01112afcc18159f6cc74b4f511b99806da59b3caf5a9c173cacfc5",
        "phone": 12345678,
        "active": false,
        "specialty": "dif",
        "stage": 3,
        "kind": "student"
    },
    {
        "name": "Vali",
        "password": "6b51d431df5d7f141cbececcf79edf3dd861c3b4069f0b11661a3eefacbba918",
        "phone": 12,
        "active": false,
        "subject": "as",
        "experience": 4,
        "kind": "teacher"
    },
    {
        "name": "Olim",
        "password": "ef797c8118f02dfb649607dd5d3f8c7623048c9c063d532cc95c5ed7a898a64f",
        "phone": 12345678,
        "active": false,
        "subject": "Geography",
        "experience": 6,
        "kind": "teacher"
    }
]